그의 운명에 대한 아주 개인적인 생각,1,15120
하루 한 장 나의 어휘력을 위한 필사 노트,2,21420
리틀 라이프 1,3,13320
불변의 법칙,4,22500
리틀 라이프 2,5,13320
나는 다정한 관찰자가 되기로 했다,6,16020
초역 부처의 말 ,7,16020
나를 소모하지 않는 현명한 태도에 관하여,8,16020
세이노의 가르침,9,6480
THE MONEY BOOK 더 머니북,10,19800
마흔에 읽는 쇼펜하우어,11,15300
선재 업고 튀어 대본집 세트,12,45000
국어 잘하는 아이가 이깁니다,13,15750
모순,14,11700
빨모쌤의 라이브 영어회화,15,19800
돈의 심리학 (30만 부 기념 스페셜 에디션) ,16,17820
남에게 보여주려고 인생을 낭비하지 마라,17,15750
ETS 토익 정기시험 기출문제집 1000 Vol. 4 RC,18,17820
나의 돈키호테,19,16200
신화의 숲,20,16200
ETS 토익 정기시험 기출문제집 1000 Vol. 4 LC,21,17820
나는 메트로폴리탄 미술관의 경비원입니다,22,15750
꽃길이 따로 있나 내 삶이 꽃인 것을,23,15120
왕구리네 떡집,24,11700
엄마의 역사 편지,25,19800
내 몸 혁명,26,17550
2024 큰별쌤 최태성의 별별한국사 한국사능력검정시험 심화(1/2/3급) 상,27,14400
바빌론의 부자 멘토와 꼬마 제자,28,16650
부자의 마지막 가르침,29,17820
흔한남매 과학 탐험대 10 생태계,30,13320
찌그러져도 동그라미입니다,31,16020
이처럼 사소한 것들,32,12420
그 속에서 놀던 세트,33,33300
2024 큰별쌤 최태성의 별별한국사 한국사능력검정시험 심화(1/2/3급) 하,34,13950
일류의 조건,35,17820
오십 나는 재미있게 살기로 했다,36,15300
허송세월,37,16200
아주 세속적인 지혜,38,12150
슈뻘맨의 숨은 과학 찾기 4,39,13500
밸류에이션을 알면 10배 주식이 보인다,40,18000
홀썸의 집밥 예찬,41,22500
도둑맞은 집중력,42,16920
나는 읽고 쓰고 버린다,43,15300
니체 인생수업 : 니체가 세상에 남긴 66가지 인생지혜,44,15750
설민석의 한국사 대모험 29,45,11700
스파이 패밀리 Spy Family 13,46,5400
쇼펜하우어 인생수업 : 한 번뿐인 삶 이렇게 살아라,47,15750
나를 사랑하는 것이 먼저다,48,16020
AI 사피엔스,49,19800
흔한남매 16,50,13050
아이가 없는 집,51,16200
오늘 가장 빛나는 너에게,52,17820
퀸의 대각선 1 ,53,15120
스파이 패밀리 Spy Family 13 한정판,54,27000
나는 나의 스무 살을 가장 존중한다,55,16200
원피스 ONE PIECE 108,56,4950
퀸의 대각선 2,57,15120
어떻게 살 것인가,58,15300
내 언어의 한계는 내 세계의 한계이다,59,16920
감정의 이해,60,16120
2024 에듀윌 공인중개사 심정욱 합격패스 암기노트 : 1차 민법 및 민사특별법,61,17100
퓨처 셀프,62,17820
읽으면서 바로 써먹는 어린이 감정 표현,63,11700
[예스리커버] 물고기는 존재하지 않는다,64,15300
평범하여 찬란한 삶을 향한 찬사,65,16920
자본주의,66,15300
긴긴밤,67,10350
데일 카네기 인간관계론 (무삭제 완역본),68,10350
두 사람의 인터내셔널,69,15120
코스모스,70,17910
구의 증명,71,10800
해커스 토익 기출 VOCA (보카),72,11610
컬러의 세계,73,17820
마라닉 페이스,74,16200
총 균 쇠,75,26820
진짜 나를 찾아라,76,16200
돈의 속성 300쇄 리커버,77,16020
유전자 지배 사회,78,15750
여름을 한 입 베어 물었더니,79,11250
질병 해방,80,25200
내일의 으뜸,81,11700
챗봇 2025 트렌드&활용백과,82,22500
가장 빛나는 나이에 싸구려로 살지 마라,83,16020
무엇이 인간관계를 힘들게 하는가,84,16020
이기적 유전자 The Selfish Gene,85,18000
2024 해커스경찰 갓대환 형사법 진도별 문제풀이 1000제 (2차 시험 대비),86,33300
당근밭 걷기,87,10800
나병관 프로의 탈골 스윙,88,25200
세상을 보는 눈을 넓히는 똑똑한 초등신문 2,89,17550
10대를 위한 총균쇠 수업,90,14400
녹나무의 여신,91,16920
진짜 쓰는 실무 엑셀,92,18900
수학 1등급 로드맵,93,16200
[예스리커버] 처음부터 시작하는 주식투자 단타전략,94,18900
똥볶이 할멈 6,95,12150
강인함의 힘,96,19800
똑 부러지게 내 생각을 전하는 말하기 연습,97,12870
불편한 편의점,98,12600
2024 써니 행정법총론 봉투모의고사,99,8100
5번 레인,100,11250
